{
  "headers": [
    {
      "source": "/(.*).html",
      "headers": [
        { "key": "Cache-Control", "value": "no-store, must-revalidate" },
        { "key": "CDN-Cache-Control", "value": "no-cache" }
      ]
    },
    {
      "source": "/assets/(.*)",
      "headers": [
        { "key": "Cache-Control", "value": "public, max-age=31536000, immutable" },
        { "key": "CDN-Cache-Control", "value": "public, max-age=31536000, immutable" }
      ]
    },
    {
      "source": "/(.*)",
      "headers": [
        { "key": "Strict-Transport-Security", "value": "max-age=31536000; includeSubDomains; preload" },
        { "key": "X-Content-Type-Options", "value": "nosniff" },
        { "key": "X-Frame-Options", "value": "SAMEORIGIN" },
        { "key": "Referrer-Policy", "value": "strict-origin-when-cross-origin" },
        { "key": "Permissions-Policy", "value": "camera=(), microphone=(), geolocation=()" }
      ]
    }
  ]
}
